"GeneID","MeanExpression","Variance"
"1007_s_at",114.817857142857,5363.46448412698
"1053_at",55.1392857142857,1398.71358465608
"117_at",75.1964285714286,38050.0662830688
"121_at",78.5964285714286,1009.34998677249
"1255_g_at",4.33214285714286,7.25337301587302
"1294_at",63.9142857142857,531.140529100529
"1316_at",24.3214285714286,105.094338624339
"1320_at",6.16428571428571,36.5238624338624
"1405_i_at",121.353571428571,20176.0433201058
"1431_at",3822.00714285714,4983478.92068783
"1438_at",6.10714285714286,41.2569841269841
"1487_at",112.557142857143,2223.68846560847
"1494_f_at",1071.29642857143,1445390.00035714
"1552256_a_at",534.053571428571,173672.638875661
"1552257_a_at",118.007142857143,4801.57328042328
"1552258_at",19.3464285714286,157.509246031746
"1552261_at",14.7107142857143,64.9528439153439
"1552263_at",26.2857142857143,173.71164021164
"1552264_a_at",58.6607142857143,819.858029100529
"1552266_at",11.5678571428571,78.6052248677249
"1552269_at",2.40357142857143,7.20406084656085
"1552271_at",13.1678571428571,124.643002645503
"1552272_a_at",17.4821428571429,175.048187830688
"1552274_at",40.3642857142857,831.948306878307
"1552275_s_at",36.1,719.688888888889
"1552276_a_at",9.80357142857143,66.8196164021164
"1552277_a_at",73.5428571428571,1088.33291005291
"1552278_a_at",50.1107142857143,2010.12988095238
"1552279_a_at",86.9142857142857,1784.25312169312
"1552280_at",65.2285714285714,7317.16137566138
"1552281_at",188.378571428571,24077.8165608466
"1552283_s_at",50.8071428571429,858.103650793651
"1552286_at",24.8785714285714,304.411375661376
"1552287_s_at",54.7535714285714,685.629986772487
"1552288_at",10.4785714285714,61.8824867724868
"1552289_a_at",11.4392857142857,104.657288359788
"1552291_at",29.8785714285714,327.510634920635
"1552293_at",4.78928571428571,16.5928439153439
"1552295_a_at",58.7428571428571,1379.82253968254
"1552296_at",7.80357142857143,90.6536904761905
"1552299_at",9.50357142857143,51.4270238095238
"1552301_a_at",26.6071428571429,107.834021164021
"1552302_at",37.7785714285714,815.272116402116
"1552303_a_at",39.9535714285714,410.327023809524
"1552304_at",6.01071428571429,24.3654365079365
"1552306_at",8.42142857142857,29.687671957672
"1552307_a_at",278.871428571429,32783.211005291
"1552309_a_at",21.1535714285714,89.3359126984127
"1552310_at",59.6678571428571,1360.53041005291
"1552311_a_at",45.25,440.344074074074
"1552312_a_at",23.5071428571429,378.251798941799
"1552314_a_at",9.08928571428571,55.7498809523809
"1552315_at",30.5714285714286,246.711746031746
"1552316_a_at",50.5964285714286,775.612208994709
"1552318_at",27.6928571428571,235.581428571429
"1552319_a_at",19.5607142857143,96.2861772486772
"1552320_a_at",7.38928571428571,15.7624735449735
"1552321_a_at",2.61428571428571,5.87015873015873
"1552322_at",4.80357142857143,12.6499867724868
"1552323_s_at",9.78928571428571,27.3713624338624
"1552325_at",5.65357142857143,18.0055423280423
"1552326_a_at",6.30714285714286,24.1332804232804
"1552327_at",13.0321428571429,97.7067063492064
"1552329_at",36.1392857142857,356.406177248677
"1552330_at",33.3785714285714,646.299523809524
"1552332_at",11.3357142857143,51.1727513227513
"1552334_at",24.9214285714286,283.483227513228
"1552335_at",6.06785714285714,25.7970767195767
"1552337_s_at",7.56428571428571,160.583121693122
"1552338_at",0.942857142857143,0.172169312169312
"1552340_at",3.68571428571429,11.2175661375661
"1552343_s_at",22.6892857142857,158.029880952381
"1552344_s_at",25.4571428571429,229.993650793651
"1552347_at",71.8678571428571,1354.95633597884
"1552348_at",7.28214285714286,48.0741137566138
"1552349_a_at",5.49285714285714,29.8214285714286
"1552354_at",2.8,2.61481481481481
"1552355_s_at",3.53928571428571,13.7528439153439
"1552359_at",4.71428571428571,21.6871957671958
"1552360_a_at",33.3535714285714,236.601838624339
"1552362_a_at",1393.86785714286,867429.694113757
"1552364_s_at",14.1285714285714,56.1902645502646
"1552365_at",6.83928571428571,41.409880952381
"1552367_a_at",1.93214285714286,4.78003968253968
"1552368_at",6.90357142857143,22.1173941798942
"1552370_at",26.5178571428571,266.886706349206
"1552372_at",1.79642857142857,4.78035714285714
"1552373_s_at",3.67142857142857,10.8665608465608
"1552375_at",11.6107142857143,80.4165476190476
"1552377_s_at",32.0678571428571,209.74078042328
"1552378_s_at",47.8321428571429,1378.63337301587
"1552379_at",4.71428571428571,12.9642328042328
"1552381_at",7.05714285714286,63.1573544973545
"1552383_at",34.95,302.732962962963
"1552384_a_at",10.7178571428571,77.6044841269841
"1552386_at",9.57142857142857,61.1984126984127
"1552388_at",16.8928571428571,610.298465608466
"1552389_at",47.0214285714286,2583.67285714286
"1552390_a_at",95.875,13241.0078703704
"1552391_at",10.1535714285714,29.8588756613757
"1552393_at",2.34285714285714,7.62772486772487
"1552394_a_at",2.85357142857143,11.1336904761905
"1552395_at",7.15,43.412962962963
"1552396_at",7.05357142857143,30.8729497354497
"1552398_a_at",18.175,246.878240740741
"1552399_a_at",8.425,34.0382407407407
"1552400_a_at",23.2071428571429,328.106613756614
"1552401_a_at",9.40714285714286,30.1532804232804
"1552402_at",11.4142857142857,38.586455026455
"1552405_at",5.15357142857143,23.8218386243386
"1552408_at",3.07857142857143,8.19285714285714
"1552409_a_at",11.8928571428571,76.8680952380952
"1552410_at",14.2428571428571,83.3336507936508
"1552411_at",19.8714285714286,106.172486772487
"1552412_a_at",3.67857142857143,13.9424867724868
"1552414_at",12.525,54.714537037037
"1552415_a_at",20.9571428571429,119.411428571429
"1552417_a_at",28.9285714285714,447.377671957672
"1552418_at",2.76428571428571,13.5090476190476
"1552419_s_at",21.3,130.525925925926
"1552421_a_at",4.51785714285714,14.9511507936508
"1552422_at",8.47857142857143,62.6024867724868
"1552423_at",24.4464285714286,220.060357142857
"1552424_at",1.94642857142857,4.55072751322751
"1552425_a_at",12.275,48.3330555555556
"1552426_a_at",221.575,16047.2730555556
"1552427_at",12.2678571428571,43.7392989417989
"1552430_at",6.62857142857143,14.9532275132275
"1552432_at",6.37857142857143,37.2180423280423
"1552436_a_at",2.59285714285714,4.56587301587302
"1552438_a_at",8.96428571428571,43.2660846560847
"1552439_s_at",1.01071428571429,1.28988095238095
"1552440_at",37.1785714285714,994.89582010582
"1552445_a_at",7.10714285714286,22.4666137566138
"1552448_a_at",2.40714285714286,5.69253968253968
"1552449_a_at",2.26071428571429,7.22469576719577
"1552450_a_at",12.9392857142857,87.5417328042328
"1552452_at",1.78214285714286,0.903743386243386
"1552453_a_at",1.91785714285714,6.15337301587302
"1552455_at",3.625,17.0130555555556
"1552456_a_at",2.79642857142857,6.12035714285714
"1552457_a_at",1.77857142857143,2.26619047619048
"1552458_at",6.14642857142857,23.4462830687831
"1552459_a_at",7.80357142857143,24.012208994709
"1552461_at",3.97142857142857,7.51174603174603
"1552463_at",7.73214285714286,22.5207804232804
"1552466_x_at",1.83928571428571,8.11728835978836
"1552467_at",10.8821428571429,53.0896693121693
"1552468_a_at",9.18214285714286,53.493373015873
"1552470_a_at",5.74642857142857,73.2625793650794
"1552472_a_at",30.6785714285714,319.324708994709
"1552473_at",68.275,1719.59157407407
"1552474_a_at",371.935714285714,39024.7979365079
"1552476_s_at",16.425,169.736018518519
"1552477_a_at",68.5607142857143,5004.26099206349
"1552478_a_at",28.95,1066.24925925926
"1552480_s_at",8.68928571428571,53.8128439153439
"1552481_s_at",17.1107142857143,103.809880952381
"1552482_at",160.242857142857,18137.9114285714
"1552484_at",14.0107142857143,80.5928439153439
"1552485_at",26.9357142857143,297.747566137566
"1552486_s_at",63.4071428571429,1557.97328042328
"1552487_a_at",3.75714285714286,58.1455026455027
"1552489_s_at",3.48214285714286,9.54152116402116
"1552490_at",9.43214285714286,20.916335978836
"1552491_at",4.25714285714286,12.9647619047619
"1552493_s_at",2.33928571428571,10.3195105820106
"1552494_at",2.77142857142857,7.82952380952381
"1552496_a_at",30.1392857142857,586.758029100529
"1552497_a_at",31.7142857142857,191.976084656085
"1552498_at",11.9857142857143,34.0686772486772
"1552499_a_at",6.53571428571429,17.7579365079365
"1552501_a_at",10.3714285714286,69.6695238095238
"1552502_s_at",4.89285714285714,20.9466137566138
"1552503_at",4.30714285714286,25.7414285714286
"1552504_a_at",57.2607142857143,2273.25876984127
"1552506_at",4.43928571428571,10.8787698412698
"1552507_at",8.70357142857143,107.389246031746
"1552508_at",7.73214285714286,56.5770767195767
"1552509_a_at",14.5642857142857,90.2305291005291
"1552510_at",40.3642857142857,430.840158730159
"1552511_a_at",3.21785714285714,68.3637433862434
"1552514_at",8.60357142857143,188.166283068783
"1552515_at",7.88928571428571,28.9306216931217
"1552516_a_at",24.4214285714286,253.120264550265
"1552518_s_at",11.3607142857143,93.7632142857143
"1552519_at",27.8214285714286,423.114338624339
"1552520_at",21.0035714285714,689.179616402116
"1552521_a_at",15.2678571428571,623.252632275132
"1552522_at",7.06785714285714,21.2052248677249
"1552523_a_at",9.38214285714286,31.9400396825397
"1552524_at",6.82857142857143,33.4710052910053
"1552526_at",2.84285714285714,6.05365079365079
"1552528_at",7.48928571428571,38.3306216931217
"1552531_a_at",18.2642857142857,1202.47867724868
"1552532_a_at",4.63214285714286,22.8704100529101
"1552535_at",7.60714285714286,43.3147619047619
"1552536_at",32.6928571428571,360.746613756614
"1552538_a_at",4.62142857142857,24.1335978835979
"1552540_s_at",10.6178571428571,39.0807804232804
"1552541_at",23.275,164.345648148148
"1552542_s_at",9.925,74.6619444444444
"1552543_a_at",6.68571428571429,28.2731216931217
"1552544_at",14.1178571428571,31.5474470899471
"1552546_a_at",7.44642857142857,21.3736904761905
"1552548_at",5.37142857142857,11.297671957672
"1552549_a_at",6.98571428571429,46.3405291005291
"1552552_s_at",5.82142857142857,23.3232275132275
"1552553_a_at",18.0678571428571,113.024484126984
"1552554_a_at",6.42857142857143,28.0243386243386
"1552555_at",13.7107142857143,97.6624735449736
"1552557_a_at",8.31071428571429,12.2054365079365
"1552558_a_at",44.2857142857143,329.963492063492
"1552559_a_at",5.15714285714286,34.5462433862434
"1552562_at",13.4071428571429,98.4147619047619
"1552563_a_at",10.3857142857143,65.6960846560847
"1552564_at",7.45357142857143,30.7833201058201
"1552566_at",8.98571428571429,110.204973544974
"1552568_at",101.835714285714,8447.17645502645
"1552569_a_at",152.428571428571,20599.0495238095
"1552570_at",6.55357142857143,32.635171957672
"1552572_a_at",5.89642857142857,21.5529497354497
"1552573_s_at",8.88928571428571,76.0402513227513
"1552575_a_at",21.9428571428571,1025.06328042328
"1552576_at",12.8107142857143,72.9543253968254
"1552578_a_at",5.525,29.6508333333333
"1552579_a_at",10.9214285714286,34.3735978835979
"1552580_at",2.35714285714286,4.76994708994709
"1552582_at",6.69642857142857,26.1981349206349
"1552583_s_at",6.86785714285714,28.9644841269841
"1552584_at",16.275,106.973796296296
"1552585_s_at",5.66428571428571,19.4083068783069
"1552586_at",18.4107142857143,68.6691402116402
"1552587_at",7.43571428571429,30.9934920634921
"1552588_a_at",2.625,8.21824074074074
"1552590_a_at",3.25357142857143,10.7396164021164
"1552592_at",3.55714285714286,13.7010582010582
"1552594_at",9.72142857142857,50.4002645502646
"1552596_at",12.9214285714286,107.730634920635
"1552598_at",5.36428571428571,16.1979365079365
"1552599_at",6.26071428571429,18.8076587301587
"1552602_at",16.1535714285714,65.2796164021164
"1552604_at",5.06428571428571,21.1646031746032
"1552605_s_at",7.29285714285714,31.0821693121693
"1552607_at",16.9392857142857,163.000992063492
"1552608_at",3.71071428571429,10.6261772486772
"1552609_s_at",8.30357142857143,39.9136904761905
"1552610_a_at",173.782142857143,10092.6000396825
"1552611_a_at",127.296428571429,2223.66850529101
"1552612_at",47.7571428571429,745.020317460317
"1552613_s_at",44.0392857142857,1111.81062169312
"1552615_at",133.371428571429,3184.79693121693
"1552616_a_at",48.1428571428571,1417.55735449735
"1552617_a_at",148.342857142857,8347.52105820106
"1552618_at",27.4142857142857,550.093121693122
"1552619_a_at",29,928.697777777778
"1552620_at",36.8964285714286,330.087023809524
"1552621_at",172.542857142857,8710.64994708995
"1552622_s_at",101.992857142857,2375.41772486773
"1552623_at",6.59285714285714,41.2317989417989
"1552625_a_at",43.6178571428571,682.425965608466
"1552626_a_at",24.4428571428571,1528.26624338624
"1552627_a_at",36.3857142857143,497.680529100529
"1552628_a_at",248.071428571429,20518.6147089947
"1552629_a_at",2.37857142857143,9.17063492063492
"1552630_a_at",5.99285714285714,26.6821693121693
"1552631_a_at",14.1535714285714,40.5255423280423
"1552632_a_at",13.6571428571429,85.2899470899471
"1552633_at",27.0607142857143,160.876547619048
"1552634_a_at",20.9964285714286,336.657394179894
"1552637_at",4.44642857142857,16.169246031746
"1552639_at",9.15,50.8737037037037
"1552641_s_at",19.1,233.705925925926
"1552643_at",36.8785714285714,884.154338624339
"1552644_a_at",16.4357142857143,126.814973544974
"1552646_at",47.7,268.083703703704
"1552648_a_at",21.9607142857143,231.106177248677
"1552649_a_at",16.6357142857143,133.360158730159
"1552651_a_at",43.8535714285714,1160.2610978836
"1552652_at",35.9214285714286,188.274338624339
"1552656_s_at",53.1892857142857,2448.55284391534
"1552657_a_at",9.12857142857143,53.6428571428571
"1552658_a_at",24.4178571428571,1673.86966931217
"1552660_a_at",44.2785714285714,991.095079365079
"1552661_at",2.04642857142857,3.5759126984127
"1552662_a_at",5.13928571428571,21.426917989418
"1552663_a_at",36.3642857142857,482.703862433862
"1552664_at",52.4535714285714,512.969986772487
"1552665_at",17.2714285714286,62.8073015873016
"1552666_a_at",3.83214285714286,13.8422619047619
"1552667_a_at",21.5821428571429,171.969669312169
"1552669_at",5.81785714285714,30.3385582010582
"1552670_a_at",120.382142857143,19593.0059656085
"1552671_a_at",4.78928571428571,15.6172883597884
"1552672_a_at",6.49642857142857,36.7766534391534
"1552673_at",5.91428571428571,55.8301587301587
"1552674_at",3.54642857142857,9.25739417989418
"1552675_at",4.27142857142857,12.1258201058201
"1552676_at",25.1535714285714,160.774431216931
"1552677_a_at",10.9428571428571,75.0995767195767
"1552678_a_at",31.0857142857143,304.467195767196
"1552680_a_at",19.7107142857143,254.160992063492
"1552682_a_at",23.9964285714286,198.629246031746
"1552684_a_at",10.5321428571429,40.9467063492064
"1552685_a_at",26.7928571428571,346.200687830688
"1552686_at",5.43214285714286,37.6155952380952
"1552687_a_at",4.85357142857143,45.0485052910053
"1552689_at",6.41071428571429,75.6624735449736
"1552690_a_at",12.3714285714286,59.4761904761905
"1552691_at",11.8178571428571,65.0859656084656
"1552693_at",1.19285714285714,1.70957671957672
"1552694_at",6.9,23.2118518518519
"1552695_a_at",24.3321428571429,147.453373015873
"1552696_at",16.7464285714286,81.3655423280423
"1552698_at",10.4107142857143,43.4935846560847
"1552701_a_at",102.028571428571,4085.93322751323
"1552703_s_at",84.5714285714286,2211.39841269841
"1552705_at",7.075,13.7915740740741
"1552708_a_at",6.14642857142857,22.2988756613757
"1552711_a_at",33.8714285714286,363.97544973545
"1552712_a_at",12.6107142857143,81.8550661375661
"1552713_a_at",10.7642857142857,36.3549735449735
"1552714_at",4.41428571428571,13.2390476190476
"1552715_a_at",5.55,23.3025925925926
"1552716_at",19.3142857142857,385.207195767196
"1552717_s_at",19.0178571428571,273.684484126984
"1552718_at",11.3714285714286,47.0361904761905
"1552719_at",8.675,29.0389814814815
"1552721_a_at",4.95357142857143,30.6588756613757
"1552722_at",3.42857142857143,8.27248677248677
"1552724_at",22.9285714285714,170.733968253968
"1552725_s_at",17.2285714285714,93.9169312169312
"1552726_at",35.4464285714286,2786.50554232804
"1552727_s_at",50.5571428571429,5250.35661375661
"1552729_at",24.7571428571429,203.278835978836
"1552730_at",9.17142857142857,22.431746031746
"1552731_at",1.075,0.960462962962963
"1552732_at",4.54642857142857,10.0240608465608
"1552733_at",39.5357142857143,648.080158730159
"1552734_at",13.1714285714286,48.0184126984127
"1552735_at",26.0571428571429,1248.68994708995
"1552736_a_at",4.07142857142857,12.1361904761905
"1552737_s_at",9.11428571428571,139.319047619048
"1552738_a_at",16.2,68.5807407407407
"1552739_s_at",24.4535714285714,188.385542328042
"1552740_at",2.86785714285714,9.80596560846561
"1552742_at",5.725,13.4115740740741
"1552743_at",7.30714285714286,38.2606878306878
"1552745_at",8.40714285714286,26.3014285714286
"1552747_a_at",4.57857142857143,10.5039682539683
"1552749_a_at",18.4642857142857,273.097936507936
"1552750_at",1.87857142857143,3.9321164021164
"1552751_a_at",10.525,96.0797222222222
"1552752_a_at",8.60357142857143,32.5729497354497
"1552754_a_at",4.86071428571429,12.9024735449735
"1552755_at",3.08571428571429,16.4086772486772
"1552757_s_at",3.17857142857143,7.64248677248677
"1552758_at",8.46785714285714,34.9822619047619
"1552760_at",2.52857142857143,3.96359788359788
"1552761_at",45.55,976.933703703704
"1552763_at",1.77142857142857,6.0984126984127
"1552765_x_at",4.40357142857143,12.2929497354497
"1552766_at",9.625,165.976759259259
"1552767_a_at",49.45,6612.97296296296
"1552768_at",6.98571428571429,34.1916402116402
"1552769_at",11.925,30.1160185185185
"1552770_s_at",30.1928571428571,573.308835978836
"1552771_a_at",1.06071428571429,1.10321428571429
"1552772_at",6.17857142857143,27.3061904761905
"1552773_at",8.53928571428571,51.6832142857143
"1552774_a_at",16.5071428571429,132.018465608466
"1552775_at",4.83928571428571,28.9172883597884
"1552777_a_at",4.01428571428571,6.23089947089947
"1552779_a_at",6.66785714285714,37.6444841269841
"1552782_at",10.4714285714286,34.4035978835979
"1552783_at",4.26785714285714,15.2430026455026
"1552785_at",19.3928571428571,328.965132275132
"1552787_at",11.6964285714286,118.888505291005
"1552788_a_at",11.2535714285714,60.4010978835979
"1552789_at",39.7607142857143,983.697288359788
"1552790_a_at",131.478571428571,5300.22619047619
"1552791_a_at",3.29642857142857,7.8359126984127
"1552792_at",4.40357142857143,17.5062830687831
"1552793_at",4.17142857142857,21.4954497354497
"1552794_a_at",7.26785714285714,29.4481878306878
"1552796_a_at",7.23571428571429,22.4120105820106
"1552797_s_at",11.5178571428571,37.6474470899471
"1552798_a_at",22.0035714285714,255.235171957672
"1552799_at",4.04285714285714,5.42031746031746
"1552800_at",9.13571428571429,89.3586772486773
"1552801_at",2.53571428571429,10.0386772486772
"1552803_a_at",2.91428571428571,11.5975661375661
"1552804_a_at",18.2321428571429,128.128187830688
"1552806_a_at",13.6821428571429,88.5400396825397
"1552807_a_at",38.9107142857143,405.686177248677
"1552808_at",4.38214285714286,12.7755952380952
"1552809_at",4.55,19.9611111111111
"1552811_at",6.93214285714286,29.0978174603175
"1552812_a_at",21.05,109.497407407407
"1552813_at",4.86785714285714,18.9170767195767
"1552814_a_at",3.98214285714286,20.1044841269841
"1552816_at",6.40357142857143,32.3114682539683
"1552818_a_at",2.15,5.29666666666667
"1552819_at",6.81785714285714,22.3726322751323
"1552822_at",6.36071428571429,15.746917989418
"1552825_at",10.8178571428571,33.6081878306878
"1552826_at",2.78928571428571,7.9217328042328
"1552827_s_at",10.4892857142857,39.5283994708995
"1552828_at",7.97857142857143,46.1913756613757
"1552829_at",37.9642857142857,575.497936507937
"1552830_at",5.33214285714286,24.8704100529101
"1552833_at",3.43214285714286,11.8022619047619
"1552834_at",14.0607142857143,57.9950661375661
"1552835_at",4.87142857142857,17.8391534391534
"1552836_at",11.5464285714286,77.3736904761905
"1552837_at",3.40714285714286,15.0162433862434
"1552839_at",7.25,18.9885185185185
"1552841_s_at",3.61785714285714,11.5748544973545
"1552842_at",5.96785714285714,19.0111507936508
"1552843_at",2.17857142857143,5.17582010582011
"1552845_at",17.2357142857143,351.203121693122
"1552846_s_at",30.0642857142857,469.217936507937
"1552848_a_at",6.56071428571429,14.3091402116402
"1552849_at",2.18571428571429,6.34571428571429
"1552851_at",3.05,9.65740740740741
"1552852_a_at",5.10714285714286,18.1140211640212
"1552853_at",4.525,20.5937962962963
"1552854_a_at",1.925,1.43601851851852
"1552856_at",9.42142857142857,50.5461904761905
"1552857_a_at",5.05714285714286,19.1506878306878
"1552858_at",1.36071428571429,2.51951058201058
"1552860_at",1.86785714285714,1.78448412698413
"1552862_at",24.5107142857143,262.990621693122
"1552863_a_at",59.2535714285714,738.850727513227
"1552865_a_at",12.8928571428571,31.1273544973545
"1552867_at",26.0392857142857,377.825436507937
"1552868_at",14.6428571428571,145.886984126984
"1552870_s_at",3.40714285714286,9.20142857142857
"1552872_at",10.85,99.3781481481482
"1552873_s_at",13.7142857142857,96.7708994708995
"1552875_a_at",5.6,20.1103703703704
"1552876_at",4.425,13.8560185185185
"1552877_s_at",12.175,42.3197222222222
"1552878_at",8.13214285714286,76.71041005291
"1552879_a_at",11.1142857142857,184.385714285714
"1552880_at",87.8107142857143,4827.48691798942
"1552882_a_at",10.5535714285714,46.669246031746
"1552884_at",8.22142857142857,29.284708994709
"1552885_a_at",29.7857142857143,400.738306878307
"1552887_at",14.6678571428571,50.1852248677249
"1552889_a_at",61.2214285714286,194.902486772487
"1552890_a_at",9.80357142857143,62.6507275132275
"1552892_at",7.49642857142857,40.4196164021164
"1552893_at",22.3892857142857,84.1313624338624
"1552895_a_at",7.82142857142857,23.9498941798942
"1552897_a_at",6.09285714285714,21.068835978836
"1552898_a_at",3.375,7.72935185185185
"1552899_at",22.8178571428571,128.912632275132
"1552900_a_at",9.58214285714286,36.4044841269841
"1552902_a_at",3.675,12.9478703703704
"1552903_at",7.58214285714286,38.4518915343915
"1552904_at",2.97857142857143,6.08767195767196
"1552906_at",4.02857142857143,10.6902645502645
"1552908_at",4.70714285714286,12.4273544973545
"1552910_at",27.1821428571429,385.183002645503
"1552911_at",7.75714285714286,65.2840211640212
"1552912_a_at",2.73571428571429,5.56460317460317
"1552913_at",2.10357142857143,7.67220899470899
"1552914_a_at",8.21785714285714,70.136335978836
"1552915_at",8.86071428571429,28.6706216931217
"1552917_at",23.0964285714286,95.3788756613757
"1552919_at",2.975,8.74194444444444
"1552921_a_at",25.95,372.149259259259
"1552922_at",1.91428571428571,4.26201058201058
"1552923_a_at",11.0785714285714,111.037301587302
"1552924_a_at",21.4,485.352592592593
"1552925_at",3.47142857142857,13.5413756613757
"1552927_at",32.4321428571429,354.514113756614
"1552928_s_at",23.7,433.617777777778
"1552929_at",3.45714285714286,9.14772486772487
"1552930_at",23.3178571428571,122.593373015873
"1552931_a_at",73.2,1635.86148148148
"1552932_at",5.09642857142857,20.8773941798942
"1552933_at",6,20.6059259259259
"1552935_at",14.2535714285714,52.5714682539683
"1552937_s_at",23.1607142857143,136.984695767196
"1552938_at",3.48214285714286,10.7807804232804
"1552939_at",4.57857142857143,7.98026455026455
"1552940_at",6.15,24.9085185185185
"1552942_at",28.9,83.6274074074074
"1552943_at",2.82142857142857,9.01952380952381
"1552944_a_at",11.7571428571429,106.361058201058
"1552946_at",5.4,37.9637037037037
"1552947_x_at",9.375,25.6286111111111
"1552948_at",4.06785714285714,30.4267063492063
"1552950_at",3.44285714285714,12.5973544973545
"1552952_at",5.25,11.9574074074074
"1552953_a_at",6.425,30.8293518518519
"1552954_at",7.425,42.4560185185185
"1552955_at",13.3714285714286,99.6539682539683
"1552957_at",8.06428571428571,22.8320105820106
"1552960_at",8.34642857142857,32.0055423280423
"1552961_at",6.62857142857143,24.6621164021164
"1552964_at",1.38928571428571,0.398029100529101
"1552965_a_at",3.39285714285714,9.26216931216931
"1552967_at",16.5785714285714,47.8365608465608
"1552969_a_at",8.175,66.1582407407407
"1552970_s_at",7.70357142857143,49.5173941798942
"1552971_at",4.14642857142857,13.7440608465608
"1552972_at",3.43928571428571,7.99876984126984
"1552973_at",4.825,17.6886111111111
"1552974_at",2.63928571428571,6.93358465608466
"1552975_x_at",5.75,20.1351851851852
"1552976_at",24.3142857142857,147.645714285714
"1552977_a_at",92.5535714285714,2029.79369047619
"1552978_a_at",65.1035714285714,1864.57072751323
"1552979_at",4.55,21.6203703703704
"1552980_at",10.0714285714286,32.8584126984127
"1552982_a_at",6.41071428571429,73.2402513227513
"1552985_at",9.91071428571429,49.2372883597884
"1552986_at",10.0142857142857,67.4842328042328
"1552987_a_at",2.48928571428571,6.92099206349206
"1552988_at",4.41785714285714,7.48522486772487
"1552990_at",0.964285714285714,0.215714285714286
"1552991_at",5.68571428571429,16.0760846560847
"1552993_at",1.25357142857143,2.0796164021164
"1552995_at",8.675,46.6760185185185
"1552997_a_at",3.98571428571429,12.1797883597884
"1552998_at",2.82142857142857,10.8973015873016
"1552999_a_at",4.41785714285714,22.1785582010582
"1553002_at",11.8785714285714,31.8358201058201
"1553003_at",10.2821428571429,34.7355952380952
"1553004_at",3.225,6.55527777777778
"1553006_at",4.03214285714286,31.536335978836
"1553007_a_at",5.475,23.1152777777778
"1553009_s_at",0.775,0.162685185185185
"1553011_at",11.7071428571429,99.9199470899471
"1553013_at",6.475,13.6967592592593
"1553015_a_at",36.8321428571429,917.811150793651
"1553016_at",12.8392857142857,41.203955026455
"1553019_at",4.11785714285714,16.7044841269841
"1553020_at",8.04642857142857,28.7210978835979
"1553021_s_at",9.52142857142857,101.13582010582
"1553022_at",3.38214285714286,11.6815211640212
"1553023_a_at",8.98214285714286,25.636335978836
"1553024_at",2.375,4.92342592592593
"1553025_at",6.55,24.2996296296296
"1553027_a_at",9.72142857142857,55.7113756613757
"1553028_at",4.80357142857143,18.9625793650794
"1553030_a_at",52.7535714285714,427.718875661376
"1553031_at",2.69642857142857,9.42702380952381
"1553032_at",2.14642857142857,4.9396164021164
"1553033_at",5.26785714285714,14.8992989417989
"1553034_at",25.7964285714286,210.578875661376
"1553036_at",2.95357142857143,23.9396164021164
"1553037_a_at",6.14285714285714,19.8136507936508
"1553039_a_at",2.95357142857143,3.06183862433862
"1553041_at",4.03214285714286,10.8000396825397
"1553042_a_at",12.7321428571429,69.4237433862434
"1553043_a_at",28.975,488.791574074074
"1553044_at",5.86428571428571,16.7171957671958
"1553045_at",4.1,8.78148148148148
"1553046_s_at",6.24285714285714,60.3210582010582
"1553047_at",21.1571428571429,82.4232804232804
"1553048_a_at",29.9071428571429,176.767354497354
"1553051_s_at",4.49285714285714,13.9229100529101
"1553052_at",4.57857142857143,12.2935978835979
"1553053_at",8.41785714285714,52.0170767195767
"1553055_a_at",11.4928571428571,88.085873015873
"1553057_at",6.975,21.7849074074074
"1553058_at",9.91785714285714,34.6200396825397
"1553059_at",4.57857142857143,14.3358201058201
"1553060_at",9.67142857142857,14.8228571428571
"1553061_at",1.85,5.41666666666667
"1553062_at",39.375,1114.15824074074
"1553063_at",15.825,48.7775
"1553064_at",10.0642857142857,70.339417989418
"1553066_at",3.94285714285714,8.1610582010582
"1553067_a_at",7.58928571428571,24.183955026455
"1553069_at",4.19285714285714,17.0355026455026
"1553070_a_at",6.85357142857143,34.2129497354497
"1553071_a_at",6.46071428571429,29.0083994708995
"1553072_at",3.16785714285714,8.17707671957672
"1553074_at",4.83571428571429,15.9779365079365
"1553075_a_at",2.63928571428571,4.00469576719577
"1553076_at",2.46428571428571,5.98386243386243
"1553077_at",3.71785714285714,10.9504100529101
"1553078_at",7.025,40.9160185185185
"1553079_at",7.43928571428571,31.5921031746032
"1553080_at",7.02857142857143,25.3028571428571
"1553081_at",10.8821428571429,63.1555952380952
"1553082_at",3.16428571428571,8.63571428571428
"1553083_at",5.74285714285714,22.9529100529101
"1553084_at",4.55,17.27
"1553086_at",1.75,2.77814814814815
"1553087_at",9.93571428571429,31.3512698412698
"1553088_a_at",35.45,180.216666666667
"1553089_a_at",2.83214285714286,8.80522486772487
"1553093_a_at",5.81071428571429,24.5721031746032
"1553094_at",7.68571428571429,91.8983068783069
"1553096_s_at",46.4642857142857,765.629047619048
"1553099_at",37.9892857142857,1098.28099206349
"1553101_a_at",109.85,2507.09740740741
"1553102_a_at",30.7535714285714,222.907023809524
"1553103_at",205.764285714286,15533.8697883598
"1553105_s_at",39.5607142857143,832.793584656085
"1553106_at",33.7464285714286,365.086283068783
"1553107_s_at",50.2642857142857,294.824603174603
"1553108_at",33.7107142857143,458.125436507937
"1553111_a_at",26.9357142857143,443.264603174603
"1553112_s_at",50.0714285714286,968.353227513228
"1553113_s_at",41.8142857142857,1219.15534391534
"1553114_a_at",21.2678571428571,942.227447089947
"1553115_at",21.0285714285714,868.20582010582
"1553117_a_at",63.2142857142857,1676.69978835979
"1553118_at",58.9392857142857,2337.36765873016
"1553120_at",4.05,14.5796296296296
"1553122_s_at",13.2071428571429,58.1851322751323
"1553123_at",24.825,271.469351851852
"1553125_x_at",21.5857142857143,230.770158730159
"1553126_a_at",1.975,3.5612037037037
"1553127_a_at",8.18214285714286,43.4444841269841
"1553129_at",7.24642857142857,23.9729497354497
"1553130_at",14.9857142857143,103.28126984127
"1553131_a_at",37.2214285714286,513.927671957672
"1553132_a_at",16.3321428571429,302.074113756614
"1553133_at",12.8428571428571,90.4010582010582
"1553134_s_at",4.01428571428571,15.5242328042328
"1553136_at",16.9821428571429,151.643743386243
"1553137_s_at",38.9321428571429,539.70078042328
"1553138_a_at",2.45357142857143,5.92406084656085
"1553139_s_at",11.725,167.333796296296
"1553140_at",15.1321428571429,75.6074470899471
"1553141_at",17.8928571428571,111.996243386243
"1553142_at",8.17857142857143,37.6195238095238
"1553145_at",44.4107142857143,651.755806878307
"1553146_at",3.91785714285714,14.6244841269841
"1553147_at",4.83928571428571,16.8765476190476
"1553148_a_at",36.8785714285714,666.935079365079
"1553150_at",17.4321428571429,146.291891534392
"1553151_at",5.41071428571429,19.9950661375661
"1553153_at",18.6464285714286,79.7470238095238
"1553155_x_at",14.95,82.3811111111111
"1553156_at",3.01071428571429,11.8032142857143
"1553157_at",11.0571428571429,46.1825396825397
"1553158_at",5.77142857142857,22.7228571428571
"1553159_at",9.73214285714286,63.8089285714286
"1553162_x_at",28.9678571428571,204.437076719577
"1553163_at",16.4035714285714,124.69294973545
"1553165_at",15.5785714285714,70.0061904761905
"1553166_at",15.5107142857143,101.323955026455
"1553167_a_at",48.1142857142857,1253.44423280423
"1553168_at",4.10357142857143,13.7433201058201
"1553169_at",2.65,6.30185185185185
"1553171_x_at",6.28928571428571,29.9528439153439
"1553172_at",32.5214285714286,485.343968253968
"1553174_at",5.06785714285714,14.5652248677249
"1553175_s_at",6.52142857142857,31.6528571428571
"1553176_at",5.74642857142857,21.6403571428571
"1553177_at",8.83928571428571,30.2624735449735
"1553178_a_at",15.725,79.8923148148148
"1553179_at",2.82857142857143,10.1524867724868
"1553180_at",2.57857142857143,6.97063492063492
"1553181_at",15.7142857142857,37.1079365079365
"1553183_at",4.78928571428571,67.1209920634921
"1553185_at",170.432142857143,12069.3926322751
"1553186_x_at",117.114285714286,4365.99978835979
"1553188_s_at",3.425,18.0078703703704
"1553190_s_at",20.4285714285714,85.2606349206349
"1553191_at",8.67142857142857,19.1080423280423
"1553192_at",10.9285714285714,28.5510052910053
"1553193_at",13.9821428571429,50.0755952380952
"1553194_at",3.45714285714286,9.04476190476191
"1553196_a_at",2.45357142857143,2.52554232804233
"1553197_at",3.58928571428571,13.6358068783069
"1553199_at",3.39285714285714,12.6443915343915
"1553202_at",4.15714285714286,29.5692063492064
"1553204_at",18.1428571428571,110.650687830688
"1553205_at",29.5214285714286,70.707671957672
"1553207_at",8.25714285714286,46.1269841269841
"1553208_s_at",6.08928571428571,17.9595105820106
"1553209_at",7.80714285714286,31.0769841269841
"1553211_at",2.35,8.22481481481482
"1553212_at",19.6,112.198518518519
"1553213_a_at",2.01785714285714,5.63115079365079
"1553214_a_at",4.45,17.772962962963
"1553215_s_at",9.98928571428571,86.4172883597884
"1553216_at",14.0071428571429,60.2155026455026
"1553217_s_at",13.2428571428571,46.0751322751323
"1553218_a_at",90.2571428571429,2682.25513227513
"1553219_a_at",3.85,23.5307407407407
"1553220_at",10.6785714285714,78.2113756613757
"1553221_at",18.0392857142857,92.5409920634921
"1553222_at",33.6321428571429,569.485965608466
"1553224_at",5.78214285714286,29.0459656084656
"1553225_s_at",21.1214285714286,160.46544973545
"1553226_at",5.475,28.3752777777778
"1553227_s_at",42.0964285714286,383.697394179894
"1553228_at",4.37142857142857,11.6739682539683
"1553229_at",13.8464285714286,214.174431216931
"1553232_at",21.6642857142857,105.093492063492
"1553234_at",13.6214285714286,51.2565608465608
"1553235_at",5.50714285714286,29.6155026455026
"1553237_x_at",10.9464285714286,37.4314682539683
"1553238_a_at",18.1571428571429,102.118095238095
"1553239_at",18.3357142857143,102.380899470899
"1553241_at",10.6,38.0133333333333
"1553243_at",13.475,91.2967592592592
"1553244_at",3.00714285714286,10.3540211640212
"1553246_a_at",10.0607142857143,60.3128439153439
"1553247_a_at",6.95,32.6085185185185
"1553248_at",18.6642857142857,121.235714285714
"1553249_at",6.79285714285714,23.9192063492063
"1553252_a_at",24.9464285714286,171.481838624339
"1553253_at",14.7892857142857,116.160992063492
"1553254_at",5.78928571428571,12.9424735449735
"1553255_at",10.6607142857143,73.469880952381
"1553257_at",5.50714285714286,31.3525396825397
"1553258_at",3.06071428571429,6.36691798941799
"1553260_s_at",5.25714285714286,17.3825396825397
"1553261_x_at",2.55714285714286,6.00772486772487
"1553262_a_at",40.3321428571429,233.808187830688
"1553263_at",19.175,154.231574074074
"1553264_a_at",11.9928571428571,85.4762433862434
"1553265_at",9.51785714285714,37.5689285714286
"1553266_at",2.58571428571429,4.90497354497354
"1553267_a_at",6.05357142857143,27.1181349206349
"1553268_at",6.61785714285714,59.0081878306878
"1553269_at",17.2285714285714,271.894708994709
"1553271_at",13.6285714285714,73.014708994709
"1553272_at",3.80357142857143,10.8803571428571
"1553274_a_at",71.9035714285714,2002.88702380952
"1553275_s_at",27.3285714285714,183.691746031746
"1553276_at",1.31071428571429,4.89358465608466
"1553277_at",2.46071428571429,7.0780291005291
"1553279_at",16.2357142857143,118.340899470899
"1553280_at",36.9285714285714,519.509523809524
"1553281_at",4.26428571428571,13.9631216931217
"1553282_at",3.72857142857143,13.2813756613757
"1553284_s_at",10.2357142857143,28.9505291005291
"1553285_s_at",6.78214285714286,10.1755952380952
"1553286_at",30.4892857142857,395.65876984127
"1553288_a_at",15.2642857142857,45.1046031746032
"1553292_s_at",19.3178571428571,216.041521164021
"1553293_at",5.10714285714286,20.3384656084656
"1553295_at",2.34285714285714,3.82994708994709
"1553296_at",35.1285714285714,825.679153439153
"1553297_a_at",76.8821428571429,1804.91337301587
"1553298_at",4.35,9.67962962962963
"1553299_at",6.33214285714286,118.864484126984
"1553300_a_at",11.025,23.3449074074074
"1553301_a_at",8.00714285714286,26.0725396825397
"1553303_at",3.75,14.3996296296296
"1553304_at",21.7071428571429,193.545132275132
"1553306_at",5.35357142857143,21.6655423280423
"1553310_at",4.65714285714286,18.5173544973545
"1553311_at",2.18571428571429,6.0005291005291
"1553313_s_at",15.0035714285714,44.655171957672
"1553314_a_at",5.03571428571429,30.8283068783069
"1553315_at",15.6071428571429,165.415502645503
"1553316_at",12.0857142857143,48.3249735449735
"1553317_s_at",6.075,47.7493518518518
"1553318_at",6.73214285714286,18.3022619047619
"1553319_at",5.27142857142857,22.5006349206349
"1553320_s_at",2.34285714285714,7.90550264550265
"1553321_a_at",21.3,875.245925925926
"1553322_s_at",12.7857142857143,82.5427513227513
"1553323_a_at",7.61071428571429,31.3846957671958
"1553325_at",6.7,27.182962962963
"1553326_at",4.85357142857143,24.2670238095238
"1553327_a_at",2.16785714285714,3.12300264550265
"1553328_a_at",6.31428571428571,26.4301587301587
"1553329_at",9.00714285714286,32.7955026455026
"1553330_at",3.05357142857143,11.3448015873016
"1553333_at",4.20357142857143,24.0885052910053
"1553335_x_at",7.51785714285714,25.4970767195767
"1553336_a_at",5.89642857142857,77.3640608465608
"1553338_at",23.3428571428571,211.68328042328
"1553340_s_at",13.9821428571429,91.7378174603175
"1553341_at",20.4642857142857,355.992010582011
"1553344_at",2.38214285714286,6.68670634920635
"1553346_a_at",14.7571428571429,71.8647619047619
"1553347_s_at",11.9142857142857,22.106455026455
"1553348_a_at",40.0285714285714,332.491746031746
"1553349_at",36.1785714285714,489.657301587302
"1553350_at",5.43928571428571,17.9535846560847
"1553351_at",2.00357142857143,7.92924603174603
"1553352_x_at",9.17142857142857,62.857671957672
"1553354_a_at",9.34285714285714,37.1943915343915
"1553355_at",7.625,30.0686111111111
"1553356_at",2.32857142857143,7.92359788359788
"1553357_at",3.92142857142857,14.2698941798942
"1553359_at",7.68571428571429,56.1442328042328
"1553361_x_at",9.325,112.810833333333
"1553362_at",3.18571428571429,8.34201058201058
"1553363_at",3.73571428571429,12.8557142857143
"1553364_at",4.08571428571429,10.029417989418
"1553365_at",3.16428571428571,8.55867724867725
"1553366_s_at",8.53214285714286,33.0111507936508
"1553367_a_at",7.63214285714286,60.4859656084656
"1553369_at",5.01428571428571,22.1049735449735
"1553371_at",4.21785714285714,18.6000396825397
"1553372_at",7.30357142857143,25.3099867724868
"1553373_at",7.61428571428571,9.66349206349206
"1553374_at",3.31428571428571,11.4531216931217
"1553375_at",3.69642857142857,14.8373941798942
"1553376_a_at",4.9,8.75555555555555
"1553378_a_at",4.38214285714286,19.5326322751323
"1553380_at",2.50714285714286,5.62513227513227
"1553383_at",2.87142857142857,10.0443386243386
"1553385_at",6.80714285714286,28.8540211640212
"1553386_at",20.4857142857143,238.393862433862
"1553387_at",12.9071428571429,46.3977248677249
"1553388_at",3.65357142857143,14.7107275132275
"1553389_at",9.125,32.6293518518519
"1553390_at",5.07857142857143,22.0380423280423
"1553391_at",3.9,13.6888888888889
"1553392_at",2.67857142857143,8.14989417989418
"1553394_a_at",5.15357142857143,15.8714682539683
"1553395_a_at",27.3892857142857,161.196547619048
"1553396_a_at",31.6321428571429,730.459298941799
"1553397_at",31.6785714285714,154.59582010582
"1553398_at",4.375,9.94046296296296
"1553399_a_at",40.7035714285714,435.229246031746
"1553400_a_at",16.4607142857143,42.003955026455
"1553401_at",6.59285714285714,16.9199470899471
"1553402_a_at",14.6928571428571,60.5421693121693
"1553403_at",2.69285714285714,7.45846560846561
"1553405_a_at",10.0107142857143,81.8617328042328
"1553407_at",14.3964285714286,45.5618386243386
"1553409_at",3.73214285714286,10.3370767195767
"1553410_a_at",3.46428571428571,14.4483068783069
"1553411_s_at",7.56428571428571,23.7505291005291
"1553412_at",5.60714285714286,31.0036507936508
"1553413_at",15.4178571428571,1546.26892857143
"1553415_at",5.15,17.3248148148148
"1553417_at",11.3928571428571,23.7821693121693
"1553418_a_at",3.48571428571429,14.5531216931217
"1553420_at",4.8,19.3074074074074
"1553422_s_at",5.69642857142857,232.141838624339
"1553423_a_at",10.9071428571429,147.035502645503
"1553424_at",6.48928571428571,25.4876587301587
"1553425_at",12.725,121.092314814815
"1553426_at",8.33928571428571,52.326917989418
"1553427_at",2.22857142857143,0.738412698412698
"1553428_at",4.81071428571429,8.75951058201058
"1553429_at",11.3142857142857,122.840529100529
"1553430_a_at",8.75,136.946296296296
"1553432_s_at",8.9,50.3088888888889
"1553433_at",4.85357142857143,15.6085052910053
"1553434_at",4.79285714285714,17.4769841269841
"1553435_at",8.67857142857143,60.6039682539683
"1553436_at",5.80714285714286,23.5532804232804
"1553437_at",17.5321428571429,68.8659656084656
"1553438_at",15.0714285714286,65.1428571428571
"1553439_at",12.2857142857143,43.1227513227513
"1553440_at",4.98928571428571,10.3913624338624
"1553441_at",1.15357142857143,3.23369047619048
"1553442_a_at",4.73214285714286,10.1496693121693
"1553443_at",5.875,26.6271296296296
"1553444_a_at",3.95357142857143,2.42035714285714
"1553446_at",8.80714285714286,69.4236507936508
"1553447_at",4.58214285714286,18.7792989417989
"1553448_at",2.38571428571429,15.986455026455
"1553449_at",12.8535714285714,40.8255423280423
"1553450_s_at",12.9571428571429,41.215873015873
"1553451_at",1.975,9.1937962962963
"1553452_at",9.13214285714286,24.1896693121693
"1553453_at",13.7285714285714,85.6369312169312
"1553454_at",3.51785714285714,17.6511507936508
"1553456_at",4.15,21.6285185185185
"1553457_at",2.18214285714286,1.85633597883598
"1553458_at",12.5464285714286,71.9166534391534
"1553459_at",7.66785714285714,72.0755952380952
"1553460_at",1.92857142857143,1.96285714285714
"1553461_at",4.40357142857143,12.9973941798942
"1553462_at",7.35714285714286,8.87216931216931
"1553464_at",12.0571428571429,51.4595767195767
"1553465_a_at",8.88214285714286,80.4607804232804
"1553466_at",11.4035714285714,13.2373941798942
"1553467_at",2.63928571428571,7.49210317460318
"1553468_at",5.15714285714286,21.1662433862434
"1553470_at",4.27142857142857,15.0398941798942
"1553471_at",7.86785714285714,38.4785582010582
"1553472_at",8.67142857142857,50.0739682539683
"1553474_at",3.875,14.9537962962963
"1553475_at",3.43571428571429,10.4631216931217
"1553478_at",5.89642857142857,18.012208994709
"1553479_at",15.8535714285714,214.959616402116
"1553482_at",0.975,0.22787037037037
"1553483_at",3.06785714285714,9.80448412698413
"1553484_at",4.325,19.1308333333333
"1553485_at",10.3535714285714,47.8759126984127
"1553486_a_at",3.08571428571429,6.99312169312169
"1553488_at",2.31428571428571,6.43386243386243
"1553489_a_at",1.80714285714286,2.49179894179894
"1553491_at",8.98571428571429,23.5768253968254
"1553492_a_at",7.43928571428571,22.6883994708995
"1553493_a_at",11.925,40.7486111111111
"1553494_at",1.73214285714286,4.9785582010582
"1553497_at",3.14285714285714,12.9736507936508
"1553498_at",5.18214285714286,30.1274470899471
"1553499_s_at",10.25,40.2181481481482
"1553500_at",12.425,364.132314814815
"1553502_a_at",11.0178571428571,61.4207804232804
"1553504_at",12.9571428571429,44.5440211640212
"1553505_at",6.55714285714286,20.0136507936508
"1553506_at",4.10357142857143,14.2418386243386
"1553507_a_at",16.6535714285714,59.4640608465608
"1553508_at",10.7964285714286,108.83369047619
"1553510_s_at",41.1571428571429,601.526243386243
"1553511_at",17.5535714285714,123.34332010582
"1553512_at",8.525,24.3278703703704
"1553513_at",15.6714285714286,150.841375661376
"1553514_a_at",40.8964285714286,752.36332010582
"1553515_at",9.65,50.8048148148148
"1553517_at",3.27857142857143,10.3395238095238
"1553518_at",5.58214285714286,25.5170767195767
"1553519_at",3.47142857142857,12.3087830687831
"1553521_at",3.76428571428571,9.25941798941799
"1553523_at",6.07857142857143,21.701746031746
"1553524_at",3.81785714285714,9.7985582010582
"1553525_at",5.48214285714286,18.4015211640212
"1553526_at",6.38928571428571,25.0424735449735
"1553527_at",7.32857142857143,31.3398941798942
"1553528_a_at",34.5392857142857,752.0483994709
"1553529_at",5.775,29.2567592592593
"1553530_a_at",557.717857142857,140997.753373016
"1553531_at",7.01071428571429,24.4417328042328
"1553532_a_at",3.38571428571429,6.25238095238095
"1553533_at",14.375,33.380462962963
"1553534_at",9.62857142857143,27.7932275132275
"1553535_a_at",78.8142857142857,1729.3071957672
"1553536_at",8.80357142857143,36.4603571428571
"1553537_at",2.225,5.3937962962963
"1553538_s_at",7825.78214285714,3196736.24596561
"1553539_at",7.32857142857143,33.8295238095238
"1553540_a_at",11.7821428571429,158.171891534392
"1553541_at",5.96428571428571,22.8216402116402
"1553542_at",44.1892857142857,240.31876984127
"1553544_at",7.13928571428571,26.5202513227513
"1553545_at",1.63571428571429,1.99275132275132
"1553546_at",1.48928571428571,4.15358465608466
"1553547_at",8.06071428571429,13.9446957671958
"1553549_at",5.38928571428571,9.96469576719577
"1553550_at",3.20714285714286,7.27698412698413
"1553551_s_at",6701.4,3866235.44074074
"1553552_at",10.1035714285714,55.2766534391534
"1553553_at",6.35714285714286,20.195873015873
"1553555_at",10.8285714285714,56.2295238095238
"1553556_at",3.66428571428571,16.5016402116402
"1553558_at",6.56428571428571,25.279417989418
"1553559_at",11.3892857142857,53.6913624338624
"1553560_at",4.85714285714286,13.6380952380952
"1553561_at",7.28214285714286,18.8207804232804
"1553562_at",20.9071428571429,78.9962433862434
"1553564_at",12.1857142857143,105.978306878307
"1553565_s_at",12.6142857142857,143.245714285714
"1553566_at",7.46785714285714,23.016335978836
"1553567_s_at",7371.15714285714,1259851.90550265
"1553568_a_at",8.58214285714286,44.0192989417989
"1553569_at",8755.51428571429,2533282.40201058
"1553570_x_at",8917.16785714286,2116145.19041005
"1553572_a_at",13.6142857142857,133.727195767196
"1553573_s_at",2.04642857142857,2.80998677248677
"1553574_at",4.14642857142857,10.4788756613757
"1553575_at",110.228571428571,2312.23248677249
"1553579_a_at",2.86785714285714,5.73633597883598
"1553581_s_at",97.8035714285714,2495.13591269841
"1553582_a_at",17.5142857142857,49.2834920634921
"1553583_a_at",125.964285714286,26753.0734920635
"1553584_at",8.21785714285714,38.6304100529101
"1553585_a_at",5.075,19.4426851851852
"1553586_at",10.8392857142857,78.6602513227513
"1553587_a_at",58.4785714285714,937.68619047619
"1553588_at",9087.65357142857,2150675.88332011
"1553589_a_at",53.0607142857143,10328.1291402116
"1553590_at",8.42857142857143,53.637671957672
"1553591_at",5.575,47.3330555555556
"1553592_x_at",5.825,34.6449074074074
"1553593_a_at",4.65,16.0322222222222
"1553594_a_at",48.8357142857143,352.463862433862
"1553599_a_at",12.5571428571429,44.1440211640212
"1553600_at",7.65714285714286,27.4817989417989
"1553601_a_at",4.21428571428571,49.7108994708995
"1553602_at",9.075,21.9589814814815
"1553603_s_at",65.6464285714286,1612.69443121693
"1553604_at",2.84642857142857,7.95146825396825
"1553605_a_at",1.63928571428571,2.6143253968254
"1553607_at",3.84285714285714,9.17513227513227
"1553608_a_at",5.15357142857143,30.7855423280423
"1553611_s_at",8.86428571428571,64.3208994708995
"1553612_at",25.5285714285714,183.123597883598
"1553613_s_at",8.08214285714286,22.393373015873
"1553614_a_at",4.95357142857143,55.9973941798942
"1553618_at",8.24285714285714,37.8714285714286
"1553619_a_at",6.06428571428571,30.9179365079365
"1553620_at",0.996428571428571,0.612208994708995
"1553622_a_at",2.89285714285714,6.05253968253968
